category,pixel_count,percentage,index,color
road,2822434564.0,38.7292568837996,0,#8B4513
building,1582656503.0,21.71710587920045,1,#808080
nature,1110226558.0,15.23445401088797,3,#228B22
void,765462941.0,10.503630891978313,7,#000000
vehicle,533633777.0,7.322486726500148,6,#DC143C
sky,252744993.0,3.4681497615018335,4,#87CEEB
object,131765258.0,1.8080739906365921,2,#FFD700
person,88678606.0,1.2168418554950962,5,#FF69B4
