class_id,category,percentage,pixel_count
0,road,38.155582427978516,10002257
1,building,26.016342163085938,6820028
2,object,1.7610168457031248,461640
3,nature,13.843475341796873,3628984
4,sky,1.8149681091308594,475783
5,person,1.5946273803710938,418022
6,vehicle,7.028018951416016,1842353
7,void,9.785968780517578,2565333
